Statistik_Code,Statistik_Label,Zeit_Code,Zeit_Label,Zeit,1_Merkmal_Code,1_Merkmal_Label,1_Auspraegung_Code,1_Auspraegung_Label,BEV020__Bevoelkerung__1000,ERW002__Erwerbstaetige__1000,ERW003__Erwerbslose__1000,ERW001__Erwerbspersonen__1000,ERW004__Nichterwerbspersonen__1000
12211,Mikrozensus,SMONAT,Stichmonat,04/1991,DLAND,Bundesländer,08,Baden-Württemberg,9859,4831,160,4991,4869
12211,Mikrozensus,SMONAT,Stichmonat,04/1991,DLAND,Bundesländer,09,Bayern,11488,5821,215,6036,5452
12211,Mikrozensus,SMONAT,Stichmonat,04/1991,DLAND,Bundesländer,11,Berlin,3425,1689,196,1885,1539
12211,Mikrozensus,SMONAT,Stichmonat,04/1991,DLAND,Bundesländer,12,Brandenburg,2567,1270,148,1418,1149
12211,Mikrozensus,SMONAT,Stichmonat,04/1991,DLAND,Bundesländer,04,Bremen,682,287,31,318,364
12211,Mikrozensus,SMONAT,Stichmonat,04/1991,DLAND,Bundesländer,02,Hamburg,1658,781,72,853,805
12211,Mikrozensus,SMONAT,Stichmonat,04/1991,DLAND,Bundesländer,06,Hessen,5779,2727,146,2873,2906
12211,Mikrozensus,SMONAT,Stichmonat,04/1991,DLAND,Bundesländer,13,Mecklenburg-Vorpommern,1913,906,146,1052,862
12211,Mikrozensus,SMONAT,Stichmonat,04/1991,DLAND,Bundesländer,03,Niedersachsen,7406,3303,220,3523,3883
12211,Mikrozensus,SMONAT,Stichmonat,04/1991,DLAND,Bundesländer,05,Nordrhein-Westfalen,17384,7483,503,7985,9399
12211,Mikrozensus,SMONAT,Stichmonat,04/1991,DLAND,Bundesländer,07,Rheinland-Pfalz,3776,1741,91,1833,1943
12211,Mikrozensus,SMONAT,Stichmonat,04/1991,DLAND,Bundesländer,10,Saarland,1074,448,33,481,593
12211,Mikrozensus,SMONAT,Stichmonat,04/1991,DLAND,Bundesländer,14,Sachsen,4730,2283,253,2536,2194
12211,Mikrozensus,SMONAT,Stichmonat,04/1991,DLAND,Bundesländer,15,Sachsen-Anhalt,2859,1382,162,1545,1315
12211,Mikrozensus,SMONAT,Stichmonat,04/1991,DLAND,Bundesländer,01,Schleswig-Holstein,2630,1235,94,1330,1300
12211,Mikrozensus,SMONAT,Stichmonat,04/1991,DLAND,Bundesländer,16,Thüringen,2598,1259,170,1428,1170
12211,Mikrozensus,SMONAT,Stichmonat,05/1992,DLAND,Bundesländer,08,Baden-Württemberg,10044,4884,207,5091,4953
12211,Mikrozensus,SMONAT,Stichmonat,05/1992,DLAND,Bundesländer,09,Bayern,11640,5883,257,6140,5500
12211,Mikrozensus,SMONAT,Stichmonat,05/1992,DLAND,Bundesländer,11,Berlin,3450,1639,242,1881,1568
12211,Mikrozensus,SMONAT,Stichmonat,05/1992,DLAND,Bundesländer,12,Brandenburg,2524,1121,223,1344,1180
12211,Mikrozensus,SMONAT,Stichmonat,05/1992,DLAND,Bundesländer,04,Bremen,684,298,32,330,354
12211,Mikrozensus,SMONAT,Stichmonat,05/1992,DLAND,Bundesländer,02,Hamburg,1674,789,61,850,824
12211,Mikrozensus,SMONAT,Stichmonat,05/1992,DLAND,Bundesländer,06,Hessen,5862,2769,145,2915,2947
12211,Mikrozensus,SMONAT,Stichmonat,05/1992,DLAND,Bundesländer,13,Mecklenburg-Vorpommern,1886,810,186,997,889
12211,Mikrozensus,SMONAT,Stichmonat,05/1992,DLAND,Bundesländer,03,Niedersachsen,7503,3411,227,3639,3865
12211,Mikrozensus,SMONAT,Stichmonat,05/1992,DLAND,Bundesländer,05,Nordrhein-Westfalen,17558,7602,505,8107,9451
12211,Mikrozensus,SMONAT,Stichmonat,05/1992,DLAND,Bundesländer,07,Rheinland-Pfalz,3843,1748,100,1848,1995
12211,Mikrozensus,SMONAT,Stichmonat,05/1992,DLAND,Bundesländer,10,Saarland,1078,443,36,478,599
12211,Mikrozensus,SMONAT,Stichmonat,05/1992,DLAND,Bundesländer,14,Sachsen,4670,1988,395,2383,2287
12211,Mikrozensus,SMONAT,Stichmonat,05/1992,DLAND,Bundesländer,15,Sachsen-Anhalt,2814,1215,238,1453,1360
12211,Mikrozensus,SMONAT,Stichmonat,05/1992,DLAND,Bundesländer,01,Schleswig-Holstein,2656,1247,89,1337,1319
12211,Mikrozensus,SMONAT,Stichmonat,05/1992,DLAND,Bundesländer,16,Thüringen,2554,1093,241,1333,1221
12211,Mikrozensus,SMONAT,Stichmonat,04/1993,DLAND,Bundesländer,08,Baden-Württemberg,10176,4837,300,5138,5038
12211,Mikrozensus,SMONAT,Stichmonat,04/1993,DLAND,Bundesländer,09,Bayern,11798,5836,347,6183,5615
12211,Mikrozensus,SMONAT,Stichmonat,04/1993,DLAND,Bundesländer,11,Berlin,3470,1610,262,1872,1597
12211,Mikrozensus,SMONAT,Stichmonat,04/1993,DLAND,Bundesländer,12,Brandenburg,2548,1086,243,1329,1219
12211,Mikrozensus,SMONAT,Stichmonat,04/1993,DLAND,Bundesländer,04,Bremen,685,295,33,328,357
12211,Mikrozensus,SMONAT,Stichmonat,04/1993,DLAND,Bundesländer,02,Hamburg,1697,784,72,856,842
12211,Mikrozensus,SMONAT,Stichmonat,04/1993,DLAND,Bundesländer,06,Hessen,5940,2731,211,2942,2998
12211,Mikrozensus,SMONAT,Stichmonat,04/1993,DLAND,Bundesländer,13,Mecklenburg-Vorpommern,1860,789,183,972,888
12211,Mikrozensus,SMONAT,Stichmonat,04/1993,DLAND,Bundesländer,03,Niedersachsen,7596,3375,279,3654,3942
12211,Mikrozensus,SMONAT,Stichmonat,04/1993,DLAND,Bundesländer,05,Nordrhein-Westfalen,17706,7516,653,8169,9537
12211,Mikrozensus,SMONAT,Stichmonat,04/1993,DLAND,Bundesländer,07,Rheinland-Pfalz,3895,1738,122,1860,2035
12211,Mikrozensus,SMONAT,Stichmonat,04/1993,DLAND,Bundesländer,10,Saarland,1084,431,39,470,614
12211,Mikrozensus,SMONAT,Stichmonat,04/1993,DLAND,Bundesländer,14,Sachsen,4630,1888,440,2328,2302
12211,Mikrozensus,SMONAT,Stichmonat,04/1993,DLAND,Bundesländer,15,Sachsen-Anhalt,2792,1157,250,1407,1385
12211,Mikrozensus,SMONAT,Stichmonat,04/1993,DLAND,Bundesländer,01,Schleswig-Holstein,2684,1245,110,1356,1328
12211,Mikrozensus,SMONAT,Stichmonat,04/1993,DLAND,Bundesländer,16,Thüringen,2539,1062,255,1316,1223
12211,Mikrozensus,SMONAT,Stichmonat,04/1994,DLAND,Bundesländer,08,Baden-Württemberg,10240,4744,385,5129,5111
12211,Mikrozensus,SMONAT,Stichmonat,04/1994,DLAND,Bundesländer,09,Bayern,11875,5771,410,6181,5694
12211,Mikrozensus,SMONAT,Stichmonat,04/1994,DLAND,Bundesländer,11,Berlin,3479,1609,269,1878,1601
12211,Mikrozensus,SMONAT,Stichmonat,04/1994,DLAND,Bundesländer,12,Brandenburg,2535,1098,240,1338,1197
12211,Mikrozensus,SMONAT,Stichmonat,04/1994,DLAND,Bundesländer,04,Bremen,682,286,41,327,355
12211,Mikrozensus,SMONAT,Stichmonat,04/1994,DLAND,Bundesländer,02,Hamburg,1704,777,86,863,841
12211,Mikrozensus,SMONAT,Stichmonat,04/1994,DLAND,Bundesländer,06,Hessen,5968,2696,246,2942,3025
12211,Mikrozensus,SMONAT,Stichmonat,04/1994,DLAND,Bundesländer,13,Mecklenburg-Vorpommern,1839,796,175,971,868
12211,Mikrozensus,SMONAT,Stichmonat,04/1994,DLAND,Bundesländer,03,Niedersachsen,7663,3341,329,3670,3992
12211,Mikrozensus,SMONAT,Stichmonat,04/1994,DLAND,Bundesländer,05,Nordrhein-Westfalen,17769,7413,717,8130,9639
12211,Mikrozensus,SMONAT,Stichmonat,04/1994,DLAND,Bundesländer,07,Rheinland-Pfalz,3933,1708,147,1855,2078
12211,Mikrozensus,SMONAT,Stichmonat,04/1994,DLAND,Bundesländer,10,Saarland,1083,424,47,471,612
12211,Mikrozensus,SMONAT,Stichmonat,04/1994,DLAND,Bundesländer,14,Sachsen,4602,1919,440,2359,2244
12211,Mikrozensus,SMONAT,Stichmonat,04/1994,DLAND,Bundesländer,15,Sachsen-Anhalt,2772,1167,266,1433,1340
12211,Mikrozensus,SMONAT,Stichmonat,04/1994,DLAND,Bundesländer,01,Schleswig-Holstein,2697,1245,124,1369,1328
12211,Mikrozensus,SMONAT,Stichmonat,04/1994,DLAND,Bundesländer,16,Thüringen,2528,1082,238,1320,1208
12211,Mikrozensus,SMONAT,Stichmonat,04/1995,DLAND,Bundesländer,08,Baden-Württemberg,10277,4735,375,5110,5167
12211,Mikrozensus,SMONAT,Stichmonat,04/1995,DLAND,Bundesländer,09,Bayern,11936,5788,402,6190,5746
12211,Mikrozensus,SMONAT,Stichmonat,04/1995,DLAND,Bundesländer,11,Berlin,3469,1594,281,1875,1594
12211,Mikrozensus,SMONAT,Stichmonat,04/1995,DLAND,Bundesländer,12,Brandenburg,2538,1112,219,1331,1206
12211,Mikrozensus,SMONAT,Stichmonat,04/1995,DLAND,Bundesländer,04,Bremen,680,285,36,321,359
12211,Mikrozensus,SMONAT,Stichmonat,04/1995,DLAND,Bundesländer,02,Hamburg,1707,786,90,876,831
12211,Mikrozensus,SMONAT,Stichmonat,04/1995,DLAND,Bundesländer,06,Hessen,5987,2680,266,2946,3041
12211,Mikrozensus,SMONAT,Stichmonat,04/1995,DLAND,Bundesländer,13,Mecklenburg-Vorpommern,1824,819,155,974,850
12211,Mikrozensus,SMONAT,Stichmonat,04/1995,DLAND,Bundesländer,03,Niedersachsen,7730,3328,341,3668,4062
12211,Mikrozensus,SMONAT,Stichmonat,04/1995,DLAND,Bundesländer,05,Nordrhein-Westfalen,17825,7300,689,7989,9836
12211,Mikrozensus,SMONAT,Stichmonat,04/1995,DLAND,Bundesländer,07,Rheinland-Pfalz,3957,1707,142,1849,2108
12211,Mikrozensus,SMONAT,Stichmonat,04/1995,DLAND,Bundesländer,10,Saarland,1083,418,40,458,625
12211,Mikrozensus,SMONAT,Stichmonat,04/1995,DLAND,Bundesländer,14,Sachsen,4578,1974,395,2368,2210
12211,Mikrozensus,SMONAT,Stichmonat,04/1995,DLAND,Bundesländer,15,Sachsen-Anhalt,2753,1178,260,1438,1315
12211,Mikrozensus,SMONAT,Stichmonat,04/1995,DLAND,Bundesländer,01,Schleswig-Holstein,2712,1248,126,1373,1339
12211,Mikrozensus,SMONAT,Stichmonat,04/1995,DLAND,Bundesländer,16,Thüringen,2512,1097,218,1316,1197
12211,Mikrozensus,SMONAT,Stichmonat,04/1996,DLAND,Bundesländer,08,Baden-Württemberg,10331,4764,355,5119,5212
12211,Mikrozensus,SMONAT,Stichmonat,04/1996,DLAND,Bundesländer,09,Bayern,12001,5744,409,6153,5848
12211,Mikrozensus,SMONAT,Stichmonat,04/1996,DLAND,Bundesländer,11,Berlin,3468,1573,280,1853,1615
12211,Mikrozensus,SMONAT,Stichmonat,04/1996,DLAND,Bundesländer,12,Brandenburg,2544,1100,235,1335,1209
12211,Mikrozensus,SMONAT,Stichmonat,04/1996,DLAND,Bundesländer,04,Bremen,679,280,36,315,364
12211,Mikrozensus,SMONAT,Stichmonat,04/1996,DLAND,Bundesländer,02,Hamburg,1708,769,90,859,849
12211,Mikrozensus,SMONAT,Stichmonat,04/1996,DLAND,Bundesländer,06,Hessen,6012,2689,260,2949,3063
12211,Mikrozensus,SMONAT,Stichmonat,04/1996,DLAND,Bundesländer,13,Mecklenburg-Vorpommern,1820,803,161,964,856
12211,Mikrozensus,SMONAT,Stichmonat,04/1996,DLAND,Bundesländer,03,Niedersachsen,7787,3356,322,3678,4109
12211,Mikrozensus,SMONAT,Stichmonat,04/1996,DLAND,Bundesländer,05,Nordrhein-Westfalen,17898,7341,656,7997,9901
12211,Mikrozensus,SMONAT,Stichmonat,04/1996,DLAND,Bundesländer,07,Rheinland-Pfalz,3981,1714,150,1863,2117
12211,Mikrozensus,SMONAT,Stichmonat,04/1996,DLAND,Bundesländer,10,Saarland,1083,413,40,452,631
12211,Mikrozensus,SMONAT,Stichmonat,04/1996,DLAND,Bundesländer,14,Sachsen,4559,1962,385,2347,2211
12211,Mikrozensus,SMONAT,Stichmonat,04/1996,DLAND,Bundesländer,15,Sachsen-Anhalt,2734,1142,273,1415,1319
12211,Mikrozensus,SMONAT,Stichmonat,04/1996,DLAND,Bundesländer,01,Schleswig-Holstein,2728,1250,116,1366,1362
12211,Mikrozensus,SMONAT,Stichmonat,04/1996,DLAND,Bundesländer,16,Thüringen,2499,1082,237,1319,1180
12211,Mikrozensus,SMONAT,Stichmonat,04/1997,DLAND,Bundesländer,08,Baden-Württemberg,10380,4769,392,5161,5218
12211,Mikrozensus,SMONAT,Stichmonat,04/1997,DLAND,Bundesländer,09,Bayern,12048,5701,462,6163,5884
12211,Mikrozensus,SMONAT,Stichmonat,04/1997,DLAND,Bundesländer,11,Berlin,3452,1530,300,1830,1622
12211,Mikrozensus,SMONAT,Stichmonat,04/1997,DLAND,Bundesländer,12,Brandenburg,2560,1115,250,1366,1195
12211,Mikrozensus,SMONAT,Stichmonat,04/1997,DLAND,Bundesländer,04,Bremen,677,277,37,313,364
12211,Mikrozensus,SMONAT,Stichmonat,04/1997,DLAND,Bundesländer,02,Hamburg,1708,766,102,868,840
12211,Mikrozensus,SMONAT,Stichmonat,04/1997,DLAND,Bundesländer,06,Hessen,6029,2658,289,2946,3083
12211,Mikrozensus,SMONAT,Stichmonat,04/1997,DLAND,Bundesländer,13,Mecklenburg-Vorpommern,1816,777,188,964,852
12211,Mikrozensus,SMONAT,Stichmonat,04/1997,DLAND,Bundesländer,03,Niedersachsen,7822,3358,344,3702,4120
12211,Mikrozensus,SMONAT,Stichmonat,04/1997,DLAND,Bundesländer,05,Nordrhein-Westfalen,17955,7392,769,8161,9794
12211,Mikrozensus,SMONAT,Stichmonat,04/1997,DLAND,Bundesländer,07,Rheinland-Pfalz,4006,1710,156,1866,2140
12211,Mikrozensus,SMONAT,Stichmonat,04/1997,DLAND,Bundesländer,10,Saarland,1083,414,48,462,622
12211,Mikrozensus,SMONAT,Stichmonat,04/1997,DLAND,Bundesländer,14,Sachsen,4540,1921,446,2367,2173
12211,Mikrozensus,SMONAT,Stichmonat,04/1997,DLAND,Bundesländer,15,Sachsen-Anhalt,2718,1105,312,1418,1301
12211,Mikrozensus,SMONAT,Stichmonat,04/1997,DLAND,Bundesländer,01,Schleswig-Holstein,2746,1230,133,1363,1383
12211,Mikrozensus,SMONAT,Stichmonat,04/1997,DLAND,Bundesländer,16,Thüringen,2487,1082,247,1329,1158
12211,Mikrozensus,SMONAT,Stichmonat,04/1998,DLAND,Bundesländer,08,Baden-Württemberg,10397,4795,368,5163,5234
12211,Mikrozensus,SMONAT,Stichmonat,04/1998,DLAND,Bundesländer,09,Bayern,12061,5743,419,6161,5899
12211,Mikrozensus,SMONAT,Stichmonat,04/1998,DLAND,Bundesländer,11,Berlin,3418,1477,324,1801,1617
12211,Mikrozensus,SMONAT,Stichmonat,04/1998,DLAND,Bundesländer,12,Brandenburg,2579,1124,271,1394,1184
12211,Mikrozensus,SMONAT,Stichmonat,04/1998,DLAND,Bundesländer,04,Bremen,672,275,41,315,357
12211,Mikrozensus,SMONAT,Stichmonat,04/1998,DLAND,Bundesländer,02,Hamburg,1703,787,93,880,823
12211,Mikrozensus,SMONAT,Stichmonat,04/1998,DLAND,Bundesländer,06,Hessen,6031,2664,262,2926,3105
12211,Mikrozensus,SMONAT,Stichmonat,04/1998,DLAND,Bundesländer,13,Mecklenburg-Vorpommern,1805,758,204,962,843
12211,Mikrozensus,SMONAT,Stichmonat,04/1998,DLAND,Bundesländer,03,Niedersachsen,7847,3369,314,3683,4163
12211,Mikrozensus,SMONAT,Stichmonat,04/1998,DLAND,Bundesländer,05,Nordrhein-Westfalen,17969,7405,745,8150,9819
12211,Mikrozensus,SMONAT,Stichmonat,04/1998,DLAND,Bundesländer,07,Rheinland-Pfalz,4018,1749,146,1895,2122
12211,Mikrozensus,SMONAT,Stichmonat,04/1998,DLAND,Bundesländer,10,Saarland,1078,428,52,480,598
12211,Mikrozensus,SMONAT,Stichmonat,04/1998,DLAND,Bundesländer,14,Sachsen,4512,1887,469,2356,2156
12211,Mikrozensus,SMONAT,Stichmonat,04/1998,DLAND,Bundesländer,15,Sachsen-Anhalt,2694,1098,321,1419,1276
12211,Mikrozensus,SMONAT,Stichmonat,04/1998,DLAND,Bundesländer,01,Schleswig-Holstein,2758,1231,124,1355,1404
12211,Mikrozensus,SMONAT,Stichmonat,04/1998,DLAND,Bundesländer,16,Thüringen,2473,1072,250,1322,1151
12211,Mikrozensus,SMONAT,Stichmonat,04/1999,DLAND,Bundesländer,08,Baden-Württemberg,10428,4843,331,5174,5255
12211,Mikrozensus,SMONAT,Stichmonat,04/1999,DLAND,Bundesländer,09,Bayern,12098,5839,393,6232,5866
12211,Mikrozensus,SMONAT,Stichmonat,04/1999,DLAND,Bundesländer,11,Berlin,3394,1470,312,1782,1611
12211,Mikrozensus,SMONAT,Stichmonat,04/1999,DLAND,Bundesländer,12,Brandenburg,2591,1165,249,1413,1178
12211,Mikrozensus,SMONAT,Stichmonat,04/1999,DLAND,Bundesländer,04,Bremen,667,276,40,316,350
12211,Mikrozensus,SMONAT,Stichmonat,04/1999,DLAND,Bundesländer,02,Hamburg,1701,790,84,874,827
12211,Mikrozensus,SMONAT,Stichmonat,04/1999,DLAND,Bundesländer,06,Hessen,6037,2703,249,2951,3086
12211,Mikrozensus,SMONAT,Stichmonat,04/1999,DLAND,Bundesländer,13,Mecklenburg-Vorpommern,1796,768,184,952,844
12211,Mikrozensus,SMONAT,Stichmonat,04/1999,DLAND,Bundesländer,03,Niedersachsen,7868,3396,310,3706,4162
12211,Mikrozensus,SMONAT,Stichmonat,04/1999,DLAND,Bundesländer,05,Nordrhein-Westfalen,17974,7562,723,8285,9689
12211,Mikrozensus,SMONAT,Stichmonat,04/1999,DLAND,Bundesländer,07,Rheinland-Pfalz,4024,1775,133,1908,2116
12211,Mikrozensus,SMONAT,Stichmonat,04/1999,DLAND,Bundesländer,10,Saarland,1073,443,44,486,587
12211,Mikrozensus,SMONAT,Stichmonat,04/1999,DLAND,Bundesländer,14,Sachsen,4480,1948,419,2367,2113
12211,Mikrozensus,SMONAT,Stichmonat,04/1999,DLAND,Bundesländer,15,Sachsen-Anhalt,2668,1089,308,1397,1271
12211,Mikrozensus,SMONAT,Stichmonat,04/1999,DLAND,Bundesländer,01,Schleswig-Holstein,2767,1236,118,1354,1413
12211,Mikrozensus,SMONAT,Stichmonat,04/1999,DLAND,Bundesländer,16,Thüringen,2458,1101,210,1311,1147
12211,Mikrozensus,SMONAT,Stichmonat,05/2000,DLAND,Bundesländer,08,Baden-Württemberg,10489,4909,268,5178,5311
12211,Mikrozensus,SMONAT,Stichmonat,05/2000,DLAND,Bundesländer,09,Bayern,12175,5879,318,6197,5978
12211,Mikrozensus,SMONAT,Stichmonat,05/2000,DLAND,Bundesländer,11,Berlin,3385,1471,300,1771,1613
12211,Mikrozensus,SMONAT,Stichmonat,05/2000,DLAND,Bundesländer,12,Brandenburg,2600,1145,260,1404,1196
12211,Mikrozensus,SMONAT,Stichmonat,05/2000,DLAND,Bundesländer,04,Bremen,661,280,36,316,346
12211,Mikrozensus,SMONAT,Stichmonat,05/2000,DLAND,Bundesländer,02,Hamburg,1706,799,80,879,827
12211,Mikrozensus,SMONAT,Stichmonat,05/2000,DLAND,Bundesländer,06,Hessen,6056,2751,209,2960,3096
12211,Mikrozensus,SMONAT,Stichmonat,05/2000,DLAND,Bundesländer,13,Mecklenburg-Vorpommern,1786,780,169,949,837
12211,Mikrozensus,SMONAT,Stichmonat,05/2000,DLAND,Bundesländer,03,Niedersachsen,7899,3420,286,3706,4193
12211,Mikrozensus,SMONAT,Stichmonat,05/2000,DLAND,Bundesländer,05,Nordrhein-Westfalen,17989,7605,618,8224,9765
12211,Mikrozensus,SMONAT,Stichmonat,05/2000,DLAND,Bundesländer,07,Rheinland-Pfalz,4028,1809,127,1936,2092
12211,Mikrozensus,SMONAT,Stichmonat,05/2000,DLAND,Bundesländer,10,Saarland,1071,450,44,494,577
12211,Mikrozensus,SMONAT,Stichmonat,05/2000,DLAND,Bundesländer,14,Sachsen,4448,1908,413,2322,2127
12211,Mikrozensus,SMONAT,Stichmonat,05/2000,DLAND,Bundesländer,15,Sachsen-Anhalt,2641,1064,292,1356,1285
12211,Mikrozensus,SMONAT,Stichmonat,05/2000,DLAND,Bundesländer,01,Schleswig-Holstein,2781,1238,99,1337,1444
12211,Mikrozensus,SMONAT,Stichmonat,05/2000,DLAND,Bundesländer,16,Thüringen,2445,1095,202,1298,1147
12211,Mikrozensus,SMONAT,Stichmonat,04/2001,DLAND,Bundesländer,08,Baden-Württemberg,10538,4977,252,5229,5309
12211,Mikrozensus,SMONAT,Stichmonat,04/2001,DLAND,Bundesländer,09,Bayern,12256,5967,321,6288,5967
12211,Mikrozensus,SMONAT,Stichmonat,04/2001,DLAND,Bundesländer,11,Berlin,3384,1472,309,1780,1604
12211,Mikrozensus,SMONAT,Stichmonat,04/2001,DLAND,Bundesländer,12,Brandenburg,2598,1143,267,1410,1188
12211,Mikrozensus,SMONAT,Stichmonat,04/2001,DLAND,Bundesländer,04,Bremen,660,276,32,308,352
12211,Mikrozensus,SMONAT,Stichmonat,04/2001,DLAND,Bundesländer,02,Hamburg,1718,813,79,892,826
12211,Mikrozensus,SMONAT,Stichmonat,04/2001,DLAND,Bundesländer,06,Hessen,6070,2807,199,3005,3064
12211,Mikrozensus,SMONAT,Stichmonat,04/2001,DLAND,Bundesländer,13,Mecklenburg-Vorpommern,1771,747,188,935,836
12211,Mikrozensus,SMONAT,Stichmonat,04/2001,DLAND,Bundesländer,03,Niedersachsen,7930,3425,283,3707,4223
12211,Mikrozensus,SMONAT,Stichmonat,04/2001,DLAND,Bundesländer,05,Nordrhein-Westfalen,18013,7686,617,8303,9710
12211,Mikrozensus,SMONAT,Stichmonat,04/2001,DLAND,Bundesländer,07,Rheinland-Pfalz,4037,1803,122,1926,2111
12211,Mikrozensus,SMONAT,Stichmonat,04/2001,DLAND,Bundesländer,10,Saarland,1068,443,40,483,585
12211,Mikrozensus,SMONAT,Stichmonat,04/2001,DLAND,Bundesländer,14,Sachsen,4413,1873,431,2305,2108
12211,Mikrozensus,SMONAT,Stichmonat,04/2001,DLAND,Bundesländer,15,Sachsen-Anhalt,2605,1060,288,1347,1258
12211,Mikrozensus,SMONAT,Stichmonat,04/2001,DLAND,Bundesländer,01,Schleswig-Holstein,2794,1245,104,1349,1445
12211,Mikrozensus,SMONAT,Stichmonat,04/2001,DLAND,Bundesländer,16,Thüringen,2426,1079,202,1282,1144
12211,Mikrozensus,SMONAT,Stichmonat,04/2002,DLAND,Bundesländer,08,Baden-Württemberg,10613,5019,299,5318,5295
12211,Mikrozensus,SMONAT,Stichmonat,04/2002,DLAND,Bundesländer,09,Bayern,12354,5921,364,6285,6068
12211,Mikrozensus,SMONAT,Stichmonat,04/2002,DLAND,Bundesländer,11,Berlin,3389,1455,326,1781,1608
12211,Mikrozensus,SMONAT,Stichmonat,04/2002,DLAND,Bundesländer,12,Brandenburg,2588,1130,271,1401,1187
12211,Mikrozensus,SMONAT,Stichmonat,04/2002,DLAND,Bundesländer,04,Bremen,659,268,37,305,354
12211,Mikrozensus,SMONAT,Stichmonat,04/2002,DLAND,Bundesländer,02,Hamburg,1727,795,89,884,842
12211,Mikrozensus,SMONAT,Stichmonat,04/2002,DLAND,Bundesländer,06,Hessen,6080,2784,220,3004,3075
12211,Mikrozensus,SMONAT,Stichmonat,04/2002,DLAND,Bundesländer,13,Mecklenburg-Vorpommern,1755,731,195,926,829
12211,Mikrozensus,SMONAT,Stichmonat,04/2002,DLAND,Bundesländer,03,Niedersachsen,7964,3410,320,3730,4234
12211,Mikrozensus,SMONAT,Stichmonat,04/2002,DLAND,Bundesländer,05,Nordrhein-Westfalen,18055,7620,716,8336,9720
12211,Mikrozensus,SMONAT,Stichmonat,04/2002,DLAND,Bundesländer,07,Rheinland-Pfalz,4048,1795,130,1925,2123
12211,Mikrozensus,SMONAT,Stichmonat,04/2002,DLAND,Bundesländer,10,Saarland,1065,442,46,487,578
12211,Mikrozensus,SMONAT,Stichmonat,04/2002,DLAND,Bundesländer,14,Sachsen,4373,1825,442,2267,2106
12211,Mikrozensus,SMONAT,Stichmonat,04/2002,DLAND,Bundesländer,15,Sachsen-Anhalt,2572,1052,279,1331,1240
12211,Mikrozensus,SMONAT,Stichmonat,04/2002,DLAND,Bundesländer,01,Schleswig-Holstein,2808,1227,125,1352,1455
12211,Mikrozensus,SMONAT,Stichmonat,04/2002,DLAND,Bundesländer,16,Thüringen,2407,1062,211,1273,1133
12211,Mikrozensus,SMONAT,Stichmonat,05/2003,DLAND,Bundesländer,08,Baden-Württemberg,10670,4984,384,5368,5303
12211,Mikrozensus,SMONAT,Stichmonat,05/2003,DLAND,Bundesländer,09,Bayern,12392,5864,460,6324,6069
12211,Mikrozensus,SMONAT,Stichmonat,05/2003,DLAND,Bundesländer,11,Berlin,3392,1420,367,1786,1606
12211,Mikrozensus,SMONAT,Stichmonat,05/2003,DLAND,Bundesländer,12,Brandenburg,2577,1117,283,1400,1177
12211,Mikrozensus,SMONAT,Stichmonat,05/2003,DLAND,Bundesländer,04,Bremen,663,271,42,313,350
12211,Mikrozensus,SMONAT,Stichmonat,05/2003,DLAND,Bundesländer,02,Hamburg,1732,784,101,886,846
12211,Mikrozensus,SMONAT,Stichmonat,05/2003,DLAND,Bundesländer,06,Hessen,6088,2743,261,3004,3084
12211,Mikrozensus,SMONAT,Stichmonat,05/2003,DLAND,Bundesländer,13,Mecklenburg-Vorpommern,1739,725,210,935,804
12211,Mikrozensus,SMONAT,Stichmonat,05/2003,DLAND,Bundesländer,03,Niedersachsen,7983,3390,363,3754,4230
12211,Mikrozensus,SMONAT,Stichmonat,05/2003,DLAND,Bundesländer,05,Nordrhein-Westfalen,18071,7515,867,8382,9689
12211,Mikrozensus,SMONAT,Stichmonat,05/2003,DLAND,Bundesländer,07,Rheinland-Pfalz,4054,1800,142,1942,2112
12211,Mikrozensus,SMONAT,Stichmonat,05/2003,DLAND,Bundesländer,10,Saarland,1063,426,48,474,589
12211,Mikrozensus,SMONAT,Stichmonat,05/2003,DLAND,Bundesländer,14,Sachsen,4337,1809,444,2253,2085
12211,Mikrozensus,SMONAT,Stichmonat,05/2003,DLAND,Bundesländer,15,Sachsen-Anhalt,2540,1051,285,1336,1204
12211,Mikrozensus,SMONAT,Stichmonat,05/2003,DLAND,Bundesländer,01,Schleswig-Holstein,2817,1244,137,1382,1435
12211,Mikrozensus,SMONAT,Stichmonat,05/2003,DLAND,Bundesländer,16,Thüringen,2385,1030,226,1256,1129
12211,Mikrozensus,SMONAT,Stichmonat,03/2004,DLAND,Bundesländer,08,Baden-Württemberg,10694,4945,421,5366,5328
12211,Mikrozensus,SMONAT,Stichmonat,03/2004,DLAND,Bundesländer,09,Bayern,12420,5827,506,6333,6087
12211,Mikrozensus,SMONAT,Stichmonat,03/2004,DLAND,Bundesländer,11,Berlin,3387,1411,382,1793,1594
12211,Mikrozensus,SMONAT,Stichmonat,03/2004,DLAND,Bundesländer,12,Brandenburg,2569,1102,290,1392,1177
12211,Mikrozensus,SMONAT,Stichmonat,03/2004,DLAND,Bundesländer,04,Bremen,663,258,50,309,354
12211,Mikrozensus,SMONAT,Stichmonat,03/2004,DLAND,Bundesländer,02,Hamburg,1737,777,107,884,853
12211,Mikrozensus,SMONAT,Stichmonat,03/2004,DLAND,Bundesländer,06,Hessen,6088,2702,285,2987,3101
12211,Mikrozensus,SMONAT,Stichmonat,03/2004,DLAND,Bundesländer,13,Mecklenburg-Vorpommern,1729,701,222,922,807
12211,Mikrozensus,SMONAT,Stichmonat,03/2004,DLAND,Bundesländer,03,Niedersachsen,7991,3325,397,3723,4268
12211,Mikrozensus,SMONAT,Stichmonat,03/2004,DLAND,Bundesländer,05,Nordrhein-Westfalen,18070,7401,935,8336,9733
12211,Mikrozensus,SMONAT,Stichmonat,03/2004,DLAND,Bundesländer,07,Rheinland-Pfalz,4057,1744,158,1902,2156
12211,Mikrozensus,SMONAT,Stichmonat,03/2004,DLAND,Bundesländer,10,Saarland,1060,426,48,474,586
12211,Mikrozensus,SMONAT,Stichmonat,03/2004,DLAND,Bundesländer,14,Sachsen,4315,1780,464,2244,2071
12211,Mikrozensus,SMONAT,Stichmonat,03/2004,DLAND,Bundesländer,15,Sachsen-Anhalt,2517,1018,310,1329,1188
12211,Mikrozensus,SMONAT,Stichmonat,03/2004,DLAND,Bundesländer,01,Schleswig-Holstein,2824,1216,148,1364,1460
12211,Mikrozensus,SMONAT,Stichmonat,03/2004,DLAND,Bundesländer,16,Thüringen,2369,1027,223,1250,1119
12211,Mikrozensus,JAHR,Jahr,2005,DLAND,Bundesländer,08,Baden-Württemberg,10728,5093,387,5480,5249
12211,Mikrozensus,JAHR,Jahr,2005,DLAND,Bundesländer,09,Bayern,12456,5926,455,6381,6075
12211,Mikrozensus,JAHR,Jahr,2005,DLAND,Bundesländer,11,Berlin,3390,1434,343,1777,1613
12211,Mikrozensus,JAHR,Jahr,2005,DLAND,Bundesländer,12,Brandenburg,2562,1129,250,1379,1183
12211,Mikrozensus,JAHR,Jahr,2005,DLAND,Bundesländer,04,Bremen,663,262,52,314,349
12211,Mikrozensus,JAHR,Jahr,2005,DLAND,Bundesländer,02,Hamburg,1739,802,93,895,843
12211,Mikrozensus,JAHR,Jahr,2005,DLAND,Bundesländer,06,Hessen,6092,2760,256,3017,3075
12211,Mikrozensus,JAHR,Jahr,2005,DLAND,Bundesländer,13,Mecklenburg-Vorpommern,1713,732,197,929,784
12211,Mikrozensus,JAHR,Jahr,2005,DLAND,Bundesländer,03,Niedersachsen,8000,3401,395,3796,4204
12211,Mikrozensus,JAHR,Jahr,2005,DLAND,Bundesländer,05,Nordrhein-Westfalen,18065,7637,889,8526,9539
12211,Mikrozensus,JAHR,Jahr,2005,DLAND,Bundesländer,07,Rheinland-Pfalz,4060,1813,176,1989,2072
12211,Mikrozensus,JAHR,Jahr,2005,DLAND,Bundesländer,10,Saarland,1055,435,53,488,567
12211,Mikrozensus,JAHR,Jahr,2005,DLAND,Bundesländer,14,Sachsen,4284,1839,420,2258,2026
12211,Mikrozensus,JAHR,Jahr,2005,DLAND,Bundesländer,15,Sachsen-Anhalt,2483,1035,263,1298,1185
12211,Mikrozensus,JAHR,Jahr,2005,DLAND,Bundesländer,01,Schleswig-Holstein,2829,1250,144,1393,1436
12211,Mikrozensus,JAHR,Jahr,2005,DLAND,Bundesländer,16,Thüringen,2345,1019,210,1229,1116
12211,Mikrozensus,JAHR,Jahr,2006,DLAND,Bundesländer,08,Baden-Württemberg,10739,5174,351,5525,5214
12211,Mikrozensus,JAHR,Jahr,2006,DLAND,Bundesländer,09,Bayern,12478,6060,422,6482,5996
12211,Mikrozensus,JAHR,Jahr,2006,DLAND,Bundesländer,11,Berlin,3399,1458,335,1792,1606
12211,Mikrozensus,JAHR,Jahr,2006,DLAND,Bundesländer,12,Brandenburg,2553,1171,232,1404,1150
12211,Mikrozensus,JAHR,Jahr,2006,DLAND,Bundesländer,04,Bremen,664,271,46,316,348
12211,Mikrozensus,JAHR,Jahr,2006,DLAND,Bundesländer,02,Hamburg,1748,827,90,917,831
12211,Mikrozensus,JAHR,Jahr,2006,DLAND,Bundesländer,06,Hessen,6079,2803,249,3052,3027
12211,Mikrozensus,JAHR,Jahr,2006,DLAND,Bundesländer,13,Mecklenburg-Vorpommern,1700,753,178,932,769
12211,Mikrozensus,JAHR,Jahr,2006,DLAND,Bundesländer,03,Niedersachsen,7988,3473,375,3848,4141
12211,Mikrozensus,JAHR,Jahr,2006,DLAND,Bundesländer,05,Nordrhein-Westfalen,18042,7788,847,8636,9407
12211,Mikrozensus,JAHR,Jahr,2006,DLAND,Bundesländer,07,Rheinland-Pfalz,4055,1865,163,2027,2028
12211,Mikrozensus,JAHR,Jahr,2006,DLAND,Bundesländer,10,Saarland,1049,440,46,486,562
12211,Mikrozensus,JAHR,Jahr,2006,DLAND,Bundesländer,14,Sachsen,4262,1868,375,2243,2019
12211,Mikrozensus,JAHR,Jahr,2006,DLAND,Bundesländer,15,Sachsen-Anhalt,2456,1066,230,1296,1160
12211,Mikrozensus,JAHR,Jahr,2006,DLAND,Bundesländer,01,Schleswig-Holstein,2833,1286,129,1415,1418
12211,Mikrozensus,JAHR,Jahr,2006,DLAND,Bundesländer,16,Thüringen,2324,1041,194,1235,1089
12211,Mikrozensus,JAHR,Jahr,2007,DLAND,Bundesländer,08,Baden-Württemberg,10745,5300,275,5575,5170
12211,Mikrozensus,JAHR,Jahr,2007,DLAND,Bundesländer,09,Bayern,12504,6169,347,6516,5989
12211,Mikrozensus,JAHR,Jahr,2007,DLAND,Bundesländer,11,Berlin,3408,1504,294,1798,1610
12211,Mikrozensus,JAHR,Jahr,2007,DLAND,Bundesländer,12,Brandenburg,2541,1203,192,1395,1146
12211,Mikrozensus,JAHR,Jahr,2007,DLAND,Bundesländer,04,Bremen,663,285,38,323,340
12211,Mikrozensus,JAHR,Jahr,2007,DLAND,Bundesländer,02,Hamburg,1762,847,83,931,831
12211,Mikrozensus,JAHR,Jahr,2007,DLAND,Bundesländer,06,Hessen,6069,2832,224,3056,3013
12211,Mikrozensus,JAHR,Jahr,2007,DLAND,Bundesländer,13,Mecklenburg-Vorpommern,1687,757,159,917,770
12211,Mikrozensus,JAHR,Jahr,2007,DLAND,Bundesländer,03,Niedersachsen,7978,3568,304,3872,4106
12211,Mikrozensus,JAHR,Jahr,2007,DLAND,Bundesländer,05,Nordrhein-Westfalen,18012,7966,725,8691,9322
12211,Mikrozensus,JAHR,Jahr,2007,DLAND,Bundesländer,07,Rheinland-Pfalz,4049,1915,121,2036,2013
12211,Mikrozensus,JAHR,Jahr,2007,DLAND,Bundesländer,10,Saarland,1041,444,35,479,563
12211,Mikrozensus,JAHR,Jahr,2007,DLAND,Bundesländer,14,Sachsen,4235,1913,324,2237,1998
12211,Mikrozensus,JAHR,Jahr,2007,DLAND,Bundesländer,15,Sachsen-Anhalt,2428,1083,202,1285,1143
12211,Mikrozensus,JAHR,Jahr,2007,DLAND,Bundesländer,01,Schleswig-Holstein,2835,1310,113,1423,1412
12211,Mikrozensus,JAHR,Jahr,2007,DLAND,Bundesländer,16,Thüringen,2300,1067,171,1238,1061
12211,Mikrozensus,JAHR,Jahr,2008,DLAND,Bundesländer,08,Baden-Württemberg,10751,5373,237,5610,5142
12211,Mikrozensus,JAHR,Jahr,2008,DLAND,Bundesländer,09,Bayern,12526,6301,281,6582,5945
12211,Mikrozensus,JAHR,Jahr,2008,DLAND,Bundesländer,11,Berlin,3424,1512,269,1781,1643
12211,Mikrozensus,JAHR,Jahr,2008,DLAND,Bundesländer,12,Brandenburg,2529,1229,159,1388,1142
12211,Mikrozensus,JAHR,Jahr,2008,DLAND,Bundesländer,04,Bremen,662,288,30,318,344
12211,Mikrozensus,JAHR,Jahr,2008,DLAND,Bundesländer,02,Hamburg,1772,861,66,927,845
12211,Mikrozensus,JAHR,Jahr,2008,DLAND,Bundesländer,06,Hessen,6071,2872,198,3071,3000
12211,Mikrozensus,JAHR,Jahr,2008,DLAND,Bundesländer,13,Mecklenburg-Vorpommern,1672,776,133,909,763
12211,Mikrozensus,JAHR,Jahr,2008,DLAND,Bundesländer,03,Niedersachsen,7964,3603,275,3878,4086
12211,Mikrozensus,JAHR,Jahr,2008,DLAND,Bundesländer,05,Nordrhein-Westfalen,17971,8093,644,8736,9235
12211,Mikrozensus,JAHR,Jahr,2008,DLAND,Bundesländer,07,Rheinland-Pfalz,4039,1923,115,2037,2002
12211,Mikrozensus,JAHR,Jahr,2008,DLAND,Bundesländer,10,Saarland,1035,455,35,490,546
12211,Mikrozensus,JAHR,Jahr,2008,DLAND,Bundesländer,14,Sachsen,4205,1937,289,2227,1979
12211,Mikrozensus,JAHR,Jahr,2008,DLAND,Bundesländer,15,Sachsen-Anhalt,2397,1089,184,1273,1124
12211,Mikrozensus,JAHR,Jahr,2008,DLAND,Bundesländer,01,Schleswig-Holstein,2837,1334,97,1431,1406
12211,Mikrozensus,JAHR,Jahr,2008,DLAND,Bundesländer,16,Thüringen,2278,1088,130,1218,1060
12211,Mikrozensus,JAHR,Jahr,2009,DLAND,Bundesländer,08,Baden-Württemberg,10751,5332,288,5620,5131
12211,Mikrozensus,JAHR,Jahr,2009,DLAND,Bundesländer,09,Bayern,12510,6277,335,6612,5898
12211,Mikrozensus,JAHR,Jahr,2009,DLAND,Bundesländer,11,Berlin,3436,1555,246,1801,1636
12211,Mikrozensus,JAHR,Jahr,2009,DLAND,Bundesländer,12,Brandenburg,2517,1232,156,1388,1129
12211,Mikrozensus,JAHR,Jahr,2009,DLAND,Bundesländer,04,Bremen,661,284,28,312,348
12211,Mikrozensus,JAHR,Jahr,2009,DLAND,Bundesländer,02,Hamburg,1780,880,68,948,832
12211,Mikrozensus,JAHR,Jahr,2009,DLAND,Bundesländer,06,Hessen,6063,2882,197,3079,2984
12211,Mikrozensus,JAHR,Jahr,2009,DLAND,Bundesländer,13,Mecklenburg-Vorpommern,1657,777,125,902,755
12211,Mikrozensus,JAHR,Jahr,2009,DLAND,Bundesländer,03,Niedersachsen,7938,3637,267,3905,4033
12211,Mikrozensus,JAHR,Jahr,2009,DLAND,Bundesländer,05,Nordrhein-Westfalen,17903,8047,680,8728,9176
12211,Mikrozensus,JAHR,Jahr,2009,DLAND,Bundesländer,07,Rheinland-Pfalz,4021,1900,121,2022,1999
12211,Mikrozensus,JAHR,Jahr,2009,DLAND,Bundesländer,10,Saarland,1029,451,41,492,537
12211,Mikrozensus,JAHR,Jahr,2009,DLAND,Bundesländer,14,Sachsen,4179,1926,275,2201,1979
12211,Mikrozensus,JAHR,Jahr,2009,DLAND,Bundesländer,15,Sachsen-Anhalt,2369,1082,171,1253,1116
12211,Mikrozensus,JAHR,Jahr,2009,DLAND,Bundesländer,01,Schleswig-Holstein,2833,1323,104,1427,1405
12211,Mikrozensus,JAHR,Jahr,2009,DLAND,Bundesländer,16,Thüringen,2258,1077,129,1206,1052
12211,Mikrozensus,JAHR,Jahr,2010,DLAND,Bundesländer,08,Baden-Württemberg,10744,5357,269,5625,5119
12211,Mikrozensus,JAHR,Jahr,2010,DLAND,Bundesländer,09,Bayern,12512,6358,291,6649,5863
12211,Mikrozensus,JAHR,Jahr,2010,DLAND,Bundesländer,11,Berlin,3445,1569,237,1806,1639
12211,Mikrozensus,JAHR,Jahr,2010,DLAND,Bundesländer,12,Brandenburg,2507,1239,136,1375,1132
12211,Mikrozensus,JAHR,Jahr,2010,DLAND,Bundesländer,04,Bremen,660,294,26,320,341
12211,Mikrozensus,JAHR,Jahr,2010,DLAND,Bundesländer,02,Hamburg,1777,884,68,952,825
12211,Mikrozensus,JAHR,Jahr,2010,DLAND,Bundesländer,06,Hessen,6063,2902,181,3083,2980
12211,Mikrozensus,JAHR,Jahr,2010,DLAND,Bundesländer,13,Mecklenburg-Vorpommern,1645,780,110,890,755
12211,Mikrozensus,JAHR,Jahr,2010,DLAND,Bundesländer,03,Niedersachsen,7923,3676,255,3931,3992
12211,Mikrozensus,JAHR,Jahr,2010,DLAND,Bundesländer,05,Nordrhein-Westfalen,17844,8045,646,8692,9153
12211,Mikrozensus,JAHR,Jahr,2010,DLAND,Bundesländer,07,Rheinland-Pfalz,4005,1920,111,2032,1973
12211,Mikrozensus,JAHR,Jahr,2010,DLAND,Bundesländer,10,Saarland,1021,455,34,490,532
12211,Mikrozensus,JAHR,Jahr,2010,DLAND,Bundesländer,14,Sachsen,4153,1940,246,2186,1968
12211,Mikrozensus,JAHR,Jahr,2010,DLAND,Bundesländer,15,Sachsen-Anhalt,2343,1091,139,1230,1113
12211,Mikrozensus,JAHR,Jahr,2010,DLAND,Bundesländer,01,Schleswig-Holstein,2831,1329,96,1425,1406
12211,Mikrozensus,JAHR,Jahr,2010,DLAND,Bundesländer,16,Thüringen,2241,1099,103,1203,1038
12211,Mikrozensus,JAHR,Jahr,2011,DLAND,Bundesländer,08,Baden-Württemberg,10494,5334,196,5530,4964
12211,Mikrozensus,JAHR,Jahr,2011,DLAND,Bundesländer,09,Bayern,12409,6407,216,6623,5787
12211,Mikrozensus,JAHR,Jahr,2011,DLAND,Bundesländer,11,Berlin,3300,1530,201,1731,1568
12211,Mikrozensus,JAHR,Jahr,2011,DLAND,Bundesländer,12,Brandenburg,2456,1206,116,1322,1134
12211,Mikrozensus,JAHR,Jahr,2011,DLAND,Bundesländer,04,Bremen,651,298,25,323,328
12211,Mikrozensus,JAHR,Jahr,2011,DLAND,Bundesländer,02,Hamburg,1711,856,48,905,806
12211,Mikrozensus,JAHR,Jahr,2011,DLAND,Bundesländer,06,Hessen,5979,2954,146,3100,2879
12211,Mikrozensus,JAHR,Jahr,2011,DLAND,Bundesländer,13,Mecklenburg-Vorpommern,1610,765,85,850,760
12211,Mikrozensus,JAHR,Jahr,2011,DLAND,Bundesländer,03,Niedersachsen,7778,3689,214,3903,3875
12211,Mikrozensus,JAHR,Jahr,2011,DLAND,Bundesländer,05,Nordrhein-Westfalen,17541,8096,539,8635,8905
12211,Mikrozensus,JAHR,Jahr,2011,DLAND,Bundesländer,07,Rheinland-Pfalz,3991,1931,96,2028,1963
12211,Mikrozensus,JAHR,Jahr,2011,DLAND,Bundesländer,10,Saarland,999,447,28,474,525
12211,Mikrozensus,JAHR,Jahr,2011,DLAND,Bundesländer,14,Sachsen,4057,1906,195,2102,1955
12211,Mikrozensus,JAHR,Jahr,2011,DLAND,Bundesländer,15,Sachsen-Anhalt,2286,1078,125,1203,1083
12211,Mikrozensus,JAHR,Jahr,2011,DLAND,Bundesländer,01,Schleswig-Holstein,2800,1333,82,1414,1386
12211,Mikrozensus,JAHR,Jahr,2011,DLAND,Bundesländer,16,Thüringen,2187,1085,89,1174,1014
12211,Mikrozensus,JAHR,Jahr,2012,DLAND,Bundesländer,08,Baden-Württemberg,10541,5397,185,5582,4959
12211,Mikrozensus,JAHR,Jahr,2012,DLAND,Bundesländer,09,Bayern,12480,6496,207,6703,5777
12211,Mikrozensus,JAHR,Jahr,2012,DLAND,Bundesländer,11,Berlin,3348,1570,182,1752,1596
12211,Mikrozensus,JAHR,Jahr,2012,DLAND,Bundesländer,12,Brandenburg,2451,1203,108,1311,1140
12211,Mikrozensus,JAHR,Jahr,2012,DLAND,Bundesländer,04,Bremen,653,299,21,321,332
12211,Mikrozensus,JAHR,Jahr,2012,DLAND,Bundesländer,02,Hamburg,1726,864,48,912,813
12211,Mikrozensus,JAHR,Jahr,2012,DLAND,Bundesländer,06,Hessen,6005,2965,147,3112,2893
12211,Mikrozensus,JAHR,Jahr,2012,DLAND,Bundesländer,13,Mecklenburg-Vorpommern,1603,745,90,834,769
12211,Mikrozensus,JAHR,Jahr,2012,DLAND,Bundesländer,03,Niedersachsen,7778,3733,191,3923,3855
12211,Mikrozensus,JAHR,Jahr,2012,DLAND,Bundesländer,05,Nordrhein-Westfalen,17547,8151,501,8652,8895
12211,Mikrozensus,JAHR,Jahr,2012,DLAND,Bundesländer,07,Rheinland-Pfalz,3990,1956,81,2037,1953
12211,Mikrozensus,JAHR,Jahr,2012,DLAND,Bundesländer,10,Saarland,996,460,31,490,506
12211,Mikrozensus,JAHR,Jahr,2012,DLAND,Bundesländer,14,Sachsen,4049,1892,168,2060,1989
12211,Mikrozensus,JAHR,Jahr,2012,DLAND,Bundesländer,15,Sachsen-Anhalt,2267,1056,111,1167,1100
12211,Mikrozensus,JAHR,Jahr,2012,DLAND,Bundesländer,01,Schleswig-Holstein,2804,1350,71,1420,1384
12211,Mikrozensus,JAHR,Jahr,2012,DLAND,Bundesländer,16,Thüringen,2175,1070,84,1154,1021
12211,Mikrozensus,JAHR,Jahr,2013,DLAND,Bundesländer,08,Baden-Württemberg,10599,5513,190,5703,4896
12211,Mikrozensus,JAHR,Jahr,2013,DLAND,Bundesländer,09,Bayern,12556,6590,205,6795,5761
12211,Mikrozensus,JAHR,Jahr,2013,DLAND,Bundesländer,11,Berlin,3396,1605,186,1790,1606
12211,Mikrozensus,JAHR,Jahr,2013,DLAND,Bundesländer,12,Brandenburg,2448,1201,94,1296,1153
12211,Mikrozensus,JAHR,Jahr,2013,DLAND,Bundesländer,04,Bremen,655,299,23,322,334
12211,Mikrozensus,JAHR,Jahr,2013,DLAND,Bundesländer,02,Hamburg,1743,886,44,930,814
12211,Mikrozensus,JAHR,Jahr,2013,DLAND,Bundesländer,06,Hessen,6028,3007,136,3144,2885
12211,Mikrozensus,JAHR,Jahr,2013,DLAND,Bundesländer,13,Mecklenburg-Vorpommern,1598,743,83,826,772
12211,Mikrozensus,JAHR,Jahr,2013,DLAND,Bundesländer,03,Niedersachsen,7784,3779,194,3973,3811
12211,Mikrozensus,JAHR,Jahr,2013,DLAND,Bundesländer,05,Nordrhein-Westfalen,17553,8196,513,8709,8844
12211,Mikrozensus,JAHR,Jahr,2013,DLAND,Bundesländer,07,Rheinland-Pfalz,3991,1966,82,2048,1943
12211,Mikrozensus,JAHR,Jahr,2013,DLAND,Bundesländer,10,Saarland,992,465,29,494,498
12211,Mikrozensus,JAHR,Jahr,2013,DLAND,Bundesländer,14,Sachsen,4044,1908,162,2070,1975
12211,Mikrozensus,JAHR,Jahr,2013,DLAND,Bundesländer,15,Sachsen-Anhalt,2250,1050,105,1155,1095
12211,Mikrozensus,JAHR,Jahr,2013,DLAND,Bundesländer,01,Schleswig-Holstein,2810,1339,68,1407,1402
12211,Mikrozensus,JAHR,Jahr,2013,DLAND,Bundesländer,16,Thüringen,2164,1071,68,1139,1025
12211,Mikrozensus,JAHR,Jahr,2014,DLAND,Bundesländer,08,Baden-Württemberg,10666,5577,179,5755,4911
12211,Mikrozensus,JAHR,Jahr,2014,DLAND,Bundesländer,09,Bayern,12643,6677,197,6874,5769
12211,Mikrozensus,JAHR,Jahr,2014,DLAND,Bundesländer,11,Berlin,3443,1644,179,1823,1620
12211,Mikrozensus,JAHR,Jahr,2014,DLAND,Bundesländer,12,Brandenburg,2449,1196,86,1282,1167
12211,Mikrozensus,JAHR,Jahr,2014,DLAND,Bundesländer,04,Bremen,659,307,22,329,330
12211,Mikrozensus,JAHR,Jahr,2014,DLAND,Bundesländer,02,Hamburg,1762,907,47,954,808
12211,Mikrozensus,JAHR,Jahr,2014,DLAND,Bundesländer,06,Hessen,6059,2990,139,3130,2930
12211,Mikrozensus,JAHR,Jahr,2014,DLAND,Bundesländer,13,Mecklenburg-Vorpommern,1594,738,78,816,778
12211,Mikrozensus,JAHR,Jahr,2014,DLAND,Bundesländer,03,Niedersachsen,7799,3794,184,3978,3821
12211,Mikrozensus,JAHR,Jahr,2014,DLAND,Bundesländer,05,Nordrhein-Westfalen,17579,8285,488,8774,8805
12211,Mikrozensus,JAHR,Jahr,2014,DLAND,Bundesländer,07,Rheinland-Pfalz,3996,1986,79,2065,1932
12211,Mikrozensus,JAHR,Jahr,2014,DLAND,Bundesländer,10,Saarland,989,457,28,485,504
12211,Mikrozensus,JAHR,Jahr,2014,DLAND,Bundesländer,14,Sachsen,4045,1931,151,2082,1963
12211,Mikrozensus,JAHR,Jahr,2014,DLAND,Bundesländer,15,Sachsen-Anhalt,2238,1042,100,1142,1096
12211,Mikrozensus,JAHR,Jahr,2014,DLAND,Bundesländer,01,Schleswig-Holstein,2819,1355,65,1419,1400
12211,Mikrozensus,JAHR,Jahr,2014,DLAND,Bundesländer,16,Thüringen,2156,1056,67,1123,1033
12211,Mikrozensus,JAHR,Jahr,2015,DLAND,Bundesländer,08,Baden-Württemberg,10766,5653,181,5834,4932
12211,Mikrozensus,JAHR,Jahr,2015,DLAND,Bundesländer,09,Bayern,12735,6715,198,6912,5823
12211,Mikrozensus,JAHR,Jahr,2015,DLAND,Bundesländer,11,Berlin,3486,1656,173,1829,1657
12211,Mikrozensus,JAHR,Jahr,2015,DLAND,Bundesländer,12,Brandenburg,2464,1204,73,1277,1186
12211,Mikrozensus,JAHR,Jahr,2015,DLAND,Bundesländer,04,Bremen,663,304,18,322,341
12211,Mikrozensus,JAHR,Jahr,2015,DLAND,Bundesländer,02,Hamburg,1773,912,41,953,820
12211,Mikrozensus,JAHR,Jahr,2015,DLAND,Bundesländer,06,Hessen,6115,3050,126,3176,2939
12211,Mikrozensus,JAHR,Jahr,2015,DLAND,Bundesländer,13,Mecklenburg-Vorpommern,1601,743,63,806,794
12211,Mikrozensus,JAHR,Jahr,2015,DLAND,Bundesländer,03,Niedersachsen,7850,3843,170,4013,3837
12211,Mikrozensus,JAHR,Jahr,2015,DLAND,Bundesländer,05,Nordrhein-Westfalen,17666,8361,459,8820,8846
12211,Mikrozensus,JAHR,Jahr,2015,DLAND,Bundesländer,07,Rheinland-Pfalz,4019,1999,76,2075,1944
12211,Mikrozensus,JAHR,Jahr,2015,DLAND,Bundesländer,10,Saarland,988,460,27,487,501
12211,Mikrozensus,JAHR,Jahr,2015,DLAND,Bundesländer,14,Sachsen,4057,1936,131,2067,1990
12211,Mikrozensus,JAHR,Jahr,2015,DLAND,Bundesländer,15,Sachsen-Anhalt,2231,1041,91,1132,1099
12211,Mikrozensus,JAHR,Jahr,2015,DLAND,Bundesländer,01,Schleswig-Holstein,2840,1370,59,1430,1410
12211,Mikrozensus,JAHR,Jahr,2015,DLAND,Bundesländer,16,Thüringen,2153,1031,64,1095,1058
12211,Mikrozensus,JAHR,Jahr,2016,DLAND,Bundesländer,08,Baden-Württemberg,10935,5790,182,5973,4962
12211,Mikrozensus,JAHR,Jahr,2016,DLAND,Bundesländer,09,Bayern,12892,6889,180,7069,5823
12211,Mikrozensus,JAHR,Jahr,2016,DLAND,Bundesländer,11,Berlin,3537,1740,147,1887,1650
12211,Mikrozensus,JAHR,Jahr,2016,DLAND,Bundesländer,12,Brandenburg,2490,1251,60,1311,1180
12211,Mikrozensus,JAHR,Jahr,2016,DLAND,Bundesländer,04,Bremen,673,327,18,346,327
12211,Mikrozensus,JAHR,Jahr,2016,DLAND,Bundesländer,02,Hamburg,1794,939,40,979,815
12211,Mikrozensus,JAHR,Jahr,2016,DLAND,Bundesländer,06,Hessen,6202,3121,127,3248,2954
12211,Mikrozensus,JAHR,Jahr,2016,DLAND,Bundesländer,13,Mecklenburg-Vorpommern,1614,760,51,811,804
12211,Mikrozensus,JAHR,Jahr,2016,DLAND,Bundesländer,03,Niedersachsen,7952,3900,164,4064,3888
12211,Mikrozensus,JAHR,Jahr,2016,DLAND,Bundesländer,05,Nordrhein-Westfalen,17911,8619,402,9020,8891
12211,Mikrozensus,JAHR,Jahr,2016,DLAND,Bundesländer,07,Rheinland-Pfalz,4064,2055,77,2132,1932
12211,Mikrozensus,JAHR,Jahr,2016,DLAND,Bundesländer,10,Saarland,996,481,24,505,491
12211,Mikrozensus,JAHR,Jahr,2016,DLAND,Bundesländer,14,Sachsen,4088,1982,104,2086,2002
12211,Mikrozensus,JAHR,Jahr,2016,DLAND,Bundesländer,15,Sachsen-Anhalt,2242,1044,84,1128,1113
12211,Mikrozensus,JAHR,Jahr,2016,DLAND,Bundesländer,01,Schleswig-Holstein,2866,1389,57,1446,1421
12211,Mikrozensus,JAHR,Jahr,2016,DLAND,Bundesländer,16,Thüringen,2169,1053,57,1110,1059
12211,Mikrozensus,JAHR,Jahr,2017,DLAND,Bundesländer,08,Baden-Württemberg,10902,5850,174,6024,4877
12211,Mikrozensus,JAHR,Jahr,2017,DLAND,Bundesländer,09,Bayern,12835,6956,164,7120,5715
12211,Mikrozensus,JAHR,Jahr,2017,DLAND,Bundesländer,11,Berlin,3559,1791,134,1925,1634
12211,Mikrozensus,JAHR,Jahr,2017,DLAND,Bundesländer,12,Brandenburg,2459,1240,58,1298,1160
12211,Mikrozensus,JAHR,Jahr,2017,DLAND,Bundesländer,04,Bremen,671,326,15,340,331
12211,Mikrozensus,JAHR,Jahr,2017,DLAND,Bundesländer,02,Hamburg,1808,963,42,1005,803
12211,Mikrozensus,JAHR,Jahr,2017,DLAND,Bundesländer,06,Hessen,6153,3153,107,3260,2893
12211,Mikrozensus,JAHR,Jahr,2017,DLAND,Bundesländer,13,Mecklenburg-Vorpommern,1582,757,41,797,785
12211,Mikrozensus,JAHR,Jahr,2017,DLAND,Bundesländer,03,Niedersachsen,7854,3942,153,4096,3758
12211,Mikrozensus,JAHR,Jahr,2017,DLAND,Bundesländer,05,Nordrhein-Westfalen,17725,8657,371,9028,8698
12211,Mikrozensus,JAHR,Jahr,2017,DLAND,Bundesländer,07,Rheinland-Pfalz,4039,2060,70,2131,1908
12211,Mikrozensus,JAHR,Jahr,2017,DLAND,Bundesländer,10,Saarland,984,478,22,501,484
12211,Mikrozensus,JAHR,Jahr,2017,DLAND,Bundesländer,14,Sachsen,4019,1976,92,2067,1952
12211,Mikrozensus,JAHR,Jahr,2017,DLAND,Bundesländer,15,Sachsen-Anhalt,2194,1028,76,1104,1091
12211,Mikrozensus,JAHR,Jahr,2017,DLAND,Bundesländer,01,Schleswig-Holstein,2845,1416,52,1468,1377
12211,Mikrozensus,JAHR,Jahr,2017,DLAND,Bundesländer,16,Thüringen,2112,1049,49,1097,1014
12211,Mikrozensus,JAHR,Jahr,2018,DLAND,Bundesländer,08,Baden-Württemberg,10897,5907,148,6055,4841
12211,Mikrozensus,JAHR,Jahr,2018,DLAND,Bundesländer,09,Bayern,12841,6995,153,7149,5692
12211,Mikrozensus,JAHR,Jahr,2018,DLAND,Bundesländer,11,Berlin,3589,1844,119,1963,1626
12211,Mikrozensus,JAHR,Jahr,2018,DLAND,Bundesländer,12,Brandenburg,2468,1246,53,1299,1169
12211,Mikrozensus,JAHR,Jahr,2018,DLAND,Bundesländer,04,Bremen,673,330,15,344,329
12211,Mikrozensus,JAHR,Jahr,2018,DLAND,Bundesländer,02,Hamburg,1825,966,41,1007,818
12211,Mikrozensus,JAHR,Jahr,2018,DLAND,Bundesländer,06,Hessen,6169,3166,103,3269,2901
12211,Mikrozensus,JAHR,Jahr,2018,DLAND,Bundesländer,13,Mecklenburg-Vorpommern,1577,744,38,781,795
12211,Mikrozensus,JAHR,Jahr,2018,DLAND,Bundesländer,03,Niedersachsen,7824,3971,135,4106,3718
12211,Mikrozensus,JAHR,Jahr,2018,DLAND,Bundesländer,05,Nordrhein-Westfalen,17646,8724,347,9071,8575
12211,Mikrozensus,JAHR,Jahr,2018,DLAND,Bundesländer,07,Rheinland-Pfalz,4010,2058,65,2123,1887
12211,Mikrozensus,JAHR,Jahr,2018,DLAND,Bundesländer,10,Saarland,977,481,18,499,477
12211,Mikrozensus,JAHR,Jahr,2018,DLAND,Bundesländer,14,Sachsen,4002,1966,82,2048,1954
12211,Mikrozensus,JAHR,Jahr,2018,DLAND,Bundesländer,15,Sachsen-Anhalt,2163,1020,57,1077,1086
12211,Mikrozensus,JAHR,Jahr,2018,DLAND,Bundesländer,01,Schleswig-Holstein,2841,1436,46,1482,1359
12211,Mikrozensus,JAHR,Jahr,2018,DLAND,Bundesländer,16,Thüringen,2109,1041,44,1085,1024
12211,Mikrozensus,JAHR,Jahr,2019,DLAND,Bundesländer,08,Baden-Württemberg,10963,5987,144,6131,4832
12211,Mikrozensus,JAHR,Jahr,2019,DLAND,Bundesländer,09,Bayern,12907,7076,148,7224,5684
12211,Mikrozensus,JAHR,Jahr,2019,DLAND,Bundesländer,11,Berlin,3604,1868,104,1972,1632
12211,Mikrozensus,JAHR,Jahr,2019,DLAND,Bundesländer,12,Brandenburg,2471,1244,44,1288,1183
12211,Mikrozensus,JAHR,Jahr,2019,DLAND,Bundesländer,04,Bremen,676,332,18,350,326
12211,Mikrozensus,JAHR,Jahr,2019,DLAND,Bundesländer,02,Hamburg,1827,979,37,1016,811
12211,Mikrozensus,JAHR,Jahr,2019,DLAND,Bundesländer,06,Hessen,6201,3220,101,3321,2880
12211,Mikrozensus,JAHR,Jahr,2019,DLAND,Bundesländer,13,Mecklenburg-Vorpommern,1580,761,31,792,788
12211,Mikrozensus,JAHR,Jahr,2019,DLAND,Bundesländer,03,Niedersachsen,7845,4017,128,4145,3700
12211,Mikrozensus,JAHR,Jahr,2019,DLAND,Bundesländer,05,Nordrhein-Westfalen,17665,8807,326,9133,8532
12211,Mikrozensus,JAHR,Jahr,2019,DLAND,Bundesländer,07,Rheinland-Pfalz,4017,2090,59,2149,1868
12211,Mikrozensus,JAHR,Jahr,2019,DLAND,Bundesländer,10,Saarland,972,478,18,496,475
12211,Mikrozensus,JAHR,Jahr,2019,DLAND,Bundesländer,14,Sachsen,4007,1985,80,2065,1942
12211,Mikrozensus,JAHR,Jahr,2019,DLAND,Bundesländer,15,Sachsen-Anhalt,2159,1027,49,1076,1083
12211,Mikrozensus,JAHR,Jahr,2019,DLAND,Bundesländer,01,Schleswig-Holstein,2851,1465,43,1508,1343
12211,Mikrozensus,JAHR,Jahr,2019,DLAND,Bundesländer,16,Thüringen,2102,1042,40,1082,1019
